dmrecord,title,subjec
108,OBJECT TITLE,Batch Edit 19
99,OBJECT TITLE,Batch Edit 18
90,Batch Edit 20,Batch Edit 17
91,Batch Edit 01,Batch Edit 24
92,Batch Edit 02,Batch Edit 25
93,Batch Edit 03,Batch Edit 26
94,Batch Edit 04,Batch Edit 27
95,Batch Edit 05,Batch Edit 28
96,Batch Edit 06,Batch Edit 29
97,Batch Edit 07,Batch Edit 30
98,Batch Edit 08,Batch Edit 31
100,Batch Edit 09,Batch Edit 32
101,Batch Edit 10,Batch Edit 33
102,Batch Edit 11,Batch Edit 34
103,Batch Edit 12,Batch Edit 35
104,Batch Edit 13,Batch Edit 36
105,Batch Edit 14,Batch Edit 37
106,Batch Edit 15,Batch Edit 38
107,Batch Edit 16,Batch Edit 39